id,email,display_name,status,created_at
65d93dd9-3575-4e89-8e4c-fb21654825de,srvstats_d6f2db9b@example.com,srv,active,2026-02-16T22:55:15Z
8ca83cc3-4217-41dc-9a4b-ba7f1462b8e0,test_0e509017@example.com,Tester,active,2026-02-13T22:49:13Z
f0b57bdb-4531-4d52-9ce3-07f2b6735b72,test_8439acd2@example.com,Tester,active,2026-02-13T22:49:10Z
b5b757b2-9ae4-4338-a865-3ac995980b8a,test_a1ba69a0@example.com,Tester,active,2026-02-13T22:49:09Z
08205ab0-3874-4f38-b11c-7a31cd31b5e2,test_90c45539@example.com,Tester,active,2026-02-13T22:49:08Z
188f8d41-0c6d-4d57-831f-8cd2d02d16fd,test_676bd1da@example.com,Tester,active,2026-02-13T22:49:07Z
878915c4-dbbf-4c51-b78b-a93dcdc43002,test_f94570c5@example.com,Tester,active,2026-02-13T22:49:06Z
eb947354-3347-459e-984d-5b2c7d83c29c,test_d68264bd@example.com,Tester,active,2026-02-13T22:26:50Z
eac75f22-386d-4042-958f-5d4181eb401f,test_433b0ef2@example.com,Tester,active,2026-02-13T22:26:50Z
5707b184-28a1-447c-806b-1c6aa556122a,test_98ca235a@example.com,Tester,active,2026-02-13T22:26:50Z
1eee38e5-4e38-4571-b85d-91a3b560f7ad,test_5ac76b3d@example.com,Tester,active,2026-02-13T22:26:49Z
82497b13-c0c3-441a-a74e-b2f0d5ccd11c,test_8949f5ac@example.com,Tester,active,2026-02-13T22:26:49Z
826d6eb9-b2ac-48d2-b754-37d7e5adb313,test_638831a7@example.com,Tester,active,2026-02-13T22:26:48Z
1b8ff16a-fa79-4c8f-bd12-832d16f6411d,test_aa3b9720@example.com,Tester,active,2026-02-13T22:22:04Z
f9f94cc9-4110-4854-b6a6-fbf18311dfcd,test_d668da1e@example.com,Tester,active,2026-02-13T22:22:04Z
d02d2c5d-6753-4631-9ce7-7a5a62dec670,test_d9ef9420@example.com,Tester,active,2026-02-13T22:22:03Z
e860d2d6-b1f6-458d-8c9e-3fed5f85f44c,test_a158aaa2@example.com,Tester,active,2026-02-13T22:22:03Z
312db27d-04b6-4cfe-bbb0-f5280acf1e88,test_7bb614e1@example.com,Tester,active,2026-02-13T22:22:03Z
b57de012-5b2f-4448-80b9-9e2c70f81560,test_f786d53d@example.com,Tester,active,2026-02-13T22:22:02Z
62f245b2-ac5b-429c-9689-c133ffae0ddd,test_8c1e6676@example.com,Tester,active,2026-02-13T21:31:40Z
efd96d7c-8b2e-4108-8df5-140306bff099,test_fc482975@example.com,Tester,active,2026-02-13T21:31:39Z
f92b023d-d7da-445e-91f8-76df62586f16,test_798d0fd0@example.com,Tester,active,2026-02-13T21:31:39Z
d974a295-9f81-4eb4-bbac-a84500a000a3,test_a5d2eb4f@example.com,Tester,active,2026-02-13T21:31:39Z
bf8d5251-c95f-4cb1-81a9-34752d0361c5,test_ccf935d1@example.com,Tester,active,2026-02-13T21:31:38Z
6a0646dc-be8e-496d-8401-a2a5f16e784f,test_17df9417@example.com,Tester,active,2026-02-13T21:31:38Z
c114f190-596c-45e7-882d-bff16a4801f7,test_f437cdc0@example.com,Tester,active,2026-02-13T21:16:08Z
87bb9903-7740-4853-b7cc-72c5a188b5e1,test_4d9e1249@example.com,Tester,active,2026-02-13T21:16:08Z
53ce29ec-254e-4612-af6c-cacc1e7c8659,test_db950233@example.com,Tester,active,2026-02-13T21:16:08Z
6e6daae7-aaaa-4f8f-9db9-21a59c3e810f,test_357c0522@example.com,Tester,active,2026-02-13T21:16:07Z
2465993a-db2c-4290-a113-4125ab2574d9,test_cf111dde@example.com,Tester,active,2026-02-13T21:16:07Z
2b91ad88-9e56-46e8-ab7e-8659e172b223,test_2066b7d1@example.com,Tester,active,2026-02-13T21:16:07Z
2f5e4fd8-7aa3-431a-a202-918042a97cb7,test_a6f9af19@example.com,Tester,active,2026-02-13T19:42:59Z
124d0b0a-0a85-4857-b97a-a65104810277,test_1cc36d8b@example.com,Tester,active,2026-02-13T19:42:59Z
c7cc8006-aa34-4c8e-a0de-be826226cd15,test_0074a332@example.com,Tester,active,2026-02-13T19:42:58Z
d89158ac-a097-4c3c-b654-011eef42f643,test_84dd8e39@example.com,Tester,active,2026-02-13T19:42:58Z
01db6a55-b783-4ea8-9753-bc6a4c13077b,test_99ae7e2d@example.com,Tester,active,2026-02-13T19:42:58Z
6a554628-4aa5-451a-82ac-3a38d997d455,test_0fb5b9f5@example.com,Tester,active,2026-02-13T19:42:57Z
5364b9b6-6750-4183-8d76-467b4cf0666c,stripe_e2e_3021fdac@example.com,Stripe E2E,active,2026-02-13T19:21:46Z
09c72b64-0934-4982-bb3d-2861b0f1428b,prep_b2c4242a@example.com,Prep,active,2026-02-13T17:48:57Z
70ff48d3-fa4d-4e49-9d5a-b1da5272158c,test_93eec050@example.com,Tester,active,2026-02-13T17:47:11Z
b5f9cfbd-40ef-4b3d-8ad2-54284a0e244a,test_d779cbf6@example.com,Tester,active,2026-02-13T17:47:10Z
06f7422b-64a9-4eb5-b80a-d11dd8aeea94,test_9430333c@example.com,Tester,active,2026-02-13T17:47:10Z
6225d85f-b2e6-4ff9-a19e-3ea691f05abd,test_58625c23@example.com,Tester,active,2026-02-13T17:47:10Z
f65ccb7f-17b0-402c-bd4f-001c5821e097,test_2d7fcf27@example.com,Tester,active,2026-02-13T17:47:09Z
7c391eec-5ec0-4ad9-81a2-089dd6e06582,test_cdfd7700@example.com,Tester,active,2026-02-13T17:47:09Z
f4f6b88d-35a4-4877-8862-4b78b3400165,test_9ce1ed95@example.com,Tester,active,2026-02-13T17:22:57Z
f0b11256-b494-4865-b44c-da7f15c2c92f,test_1c83edb8@example.com,Tester,active,2026-02-13T17:22:56Z
85f8fec3-48c0-4340-9e7d-d6a04d26ded7,test_dbae31b7@example.com,Tester,active,2026-02-13T17:22:56Z
42a26f02-cb3a-49bb-b3d2-74e432070391,test_9ba1223d@example.com,Tester,active,2026-02-13T17:22:55Z
495a3be8-4bda-459b-aaf2-60a7239c7286,test_15f58470@example.com,Tester,active,2026-02-13T17:22:54Z
115e7af6-5503-47af-a778-d15651dc986b,test_d24c36d6@example.com,Tester,active,2026-02-13T17:22:54Z
957223c4-ebd9-4b3c-8d41-68ef83fb4bad,test_b0a1d8c6@example.com,Tester,active,2026-02-13T00:09:29Z
ee0235cc-17e4-4a96-be3d-bb055699622c,test_9fd33db4@example.com,Tester,active,2026-02-13T00:09:29Z
eef67c0a-e8da-445e-9f5b-da149345a2e3,test_5fb01b5d@example.com,Tester,active,2026-02-13T00:09:29Z
6c354e38-f8b1-459c-97b9-376b1d0a40d2,test_b26d7c6d@example.com,Tester,active,2026-02-13T00:09:28Z
82106e92-4793-4dfc-8e89-37722c26246e,test_d3712fa2@example.com,Tester,active,2026-02-13T00:09:28Z
5c338382-0be0-41d9-859b-7ebf526e66ee,test_a5ec7608@example.com,Tester,active,2026-02-13T00:09:27Z
dcf68c65-8f5e-4070-aa4b-9a052e3bce19,test_a8b9409d@example.com,Tester,active,2026-02-13T00:09:13Z
be8ecf78-9d57-4494-a1a1-6651a2041c5b,test_822eb395@example.com,Tester,active,2026-02-13T00:09:13Z
7c866620-3c77-4327-ac2e-467315e15bab,test_45e0410c@example.com,Tester,active,2026-02-13T00:09:12Z
c73788ac-805f-4ba0-870d-f0b26799bb61,test_2d919239@example.com,Tester,active,2026-02-13T00:09:12Z
b5eb78bc-08c6-4926-977a-69fb2462b88d,test_1659eb9e@example.com,Tester,active,2026-02-13T00:09:11Z
943e650f-4c10-4303-8cc6-0f85f3f63381,test_5735b879@example.com,Tester,active,2026-02-13T00:09:11Z
71e5d882-8b5e-4320-83c0-fe1b58753dc6,test_e3f2fd07@example.com,Tester,active,2026-02-12T20:50:43Z
d96ec6c3-a484-49b7-a2dd-9a2383e3f933,test_c98f5acf@example.com,Tester,active,2026-02-12T20:50:43Z
54eedc05-8e1c-4c9b-9aba-6386a764e1e2,test_c2963496@example.com,Tester,active,2026-02-12T20:39:31Z
05971e1d-713a-429f-adba-f3626dcd3679,test_62b84412@example.com,Tester,active,2026-02-12T20:39:31Z
1b6cd63f-9dcc-4690-9705-719c6b416236,test_7d58462a@example.com,Tester,active,2026-02-12T20:21:06Z
7bc495c8-7cfd-46d7-9d5a-b47c888307d6,test_e3c3250d@example.com,Tester,active,2026-02-12T20:21:05Z
5ccd66e9-9421-4438-b84d-b2468b31fbb1,studio_fix_001@example.com,StudioFix,active,2026-02-12T19:44:36Z
b4d09af3-bd1d-4f13-af5c-d95a16742ee1,test_fb6a77ac@example.com,Tester,active,2026-02-12T19:44:02Z
f3c3d960-d4a3-48e1-8f87-4e7970ebb759,test_2002b1b9@example.com,Tester,active,2026-02-12T19:44:02Z
6d49b5c5-a4f5-4294-a7fb-8196b46029a9,zx.hunter@gmail.com,Hunter,active,2026-02-12T19:34:13Z
0e37f0fb-b5ca-47e5-96fe-56ab2b181268,test_f04ff04c@example.com,Tester,active,2026-02-12T19:29:25Z
39c56f44-5449-4f25-ad0f-52b8fab013f2,test_e8a85d4e@example.com,Tester,active,2026-02-12T19:29:24Z
e503c7bf-e334-4f97-bd26-aeb65ed8650a,playwright_mvp@example.com,Playwright,active,2026-02-12T19:27:59Z
22a8bde4-1ac1-45cb-a006-1b3b8f23131f,test_d7051f73@example.com,Tester,active,2026-02-12T19:26:48Z
0317d0f3-4872-433e-86d3-a16ae60697ef,test_5b1f21f4@example.com,Tester,active,2026-02-12T19:26:48Z
